Title,Score
One Piece,8.72
Hibike! Euphonium 3,8.62
Mushoku Tensei II: Isekai Ittara Honki Dasu Part 2,8.43
Doupo Cangqiong: Nian Fan,8.40
Kaijuu 8-gou,8.34
Girls Band Cry,8.30
Tunshi Xingkong 4th Season,8.24
Shen Yin Wangzuo 2nd Season,8.24
Meitantei Conan,8.17
Holo no Graffiti,8.17
Ookami to Koushinryou: Merchant Meets the Wise Wolf,8.10
Douluo Dalu II: Jueshi Tangmen,8.07
Kimetsu no Yaiba: Hashira Geiko-hen,8.06
Date A Live V,7.96
Tensei shitara Slime Datta Ken 3rd Season,7.95
Boku no Hero Academia 7th Season,7.87
Xian Ni,7.83
Wanmei Shijie,7.79
Wind Breaker,7.79
Crayon Shin-chan,7.79
Fanren Xiu Xian Chuan 3rd Season,7.77
Doraemon (2005),7.69
Dead Dead Demons Dededede Destruction (ONA),7.64
Wushen Zhuzai,7.52
Karasu wa Aruji wo Erabanai,7.50
Sentai Daishikkaku,7.48
Idol Land PriPara,7.41
Shixiong A Shixiong 2nd Season,7.40
Pokemon (2023),7.40
Zhu Xian 2nd Season,7.37
Captain Tsubasa Season 2: Junior Youth-hen,7.37
Lian Qi Shi Wan Nian,7.37
Code Geass: Dakkan no Roz√©,7.35
Zhe Tian,7.34
Chibi Maruko-chan (1995),7.32
Wonderful Precure!,7.32
Hifuu Katsudou Kiroku: The Sealed Esoteric History,7.31
Mahouka Koukou no Rettousei 3rd Season,7.31
Bai Lian Cheng Shen 2nd Season,7.29
Ling Jian Zun 4th Season,7.28
The Fable,7.27
Touhou Niji Sousaku Doujin Anime: Musou Kakyou,7.25
Xian Wu Chuan 2nd Season,7.22
Ni Tian Zhizun,7.21
Yozakura-san Chi no Daisakusen,7.21
Sasayaku You ni Koi wo Utau,7.20
Boukyaku Battery (TV),7.18
Yong Sheng: Qizhuang Shanhe,7.16
Wu Shang Shen Di 2nd Season,7.12
Wan Jie Xian Zong 5th Season,7.09
